{
    "controller_name": "Simple Rule-Based Controller",
    "num_episodes": 1,
    "environment_params": {
        "episode_length": 5760,
        "time_step_seconds": 30,
        "heating_setpoint": 26.0,
        "cooling_setpoint": 28.0,
        "setpoint_pattern": "schedule",
        "reward_type": "balanced",
        "energy_weight": 1.0,
        "comfort_weight": 0.2,
        "random_start_time": false,
        "use_reward_shaping": true,
        "shaping_weight": 0.3
    },
    "episodes": [
        {
            "episode_id": 0,
            "total_reward": 5944.599364820382,
            "avg_reward": 1.0318693568513075,
            "episode_start_time_offset": 0.0,
            "comfort_metrics": {
                "ground_floor_avg_cold_violation": 0.01896740344740547,
                "ground_floor_avg_hot_violation": 0.02270538439276466,
                "ground_floor_max_violation": 4.3832474083452375,
                "top_floor_avg_cold_violation": 0.0071003121382887955,
                "top_floor_avg_hot_violation": 0.04664939047309413,
                "top_floor_max_violation": 3.5080625436852557,
                "time_in_comfort_band_ground_pct": 96.87554244054851,
                "time_in_comfort_band_top_pct": 94.98350980732512
            },
            "energy_metrics": {
                "ground_light_hours": 8.641666666666667,
                "top_light_hours": 1.3416666666666666,
                "total_light_hours": 9.983333333333333,
                "ground_window_open_hours": 39.358333333333334,
                "top_window_open_hours": 46.65833333333333
            }
        }
    ],
    "overall_metrics": {
        "avg_total_reward": 5944.599364820382,
        "avg_ground_comfort_pct": 96.87554244054851,
        "avg_top_comfort_pct": 94.98350980732512,
        "avg_light_energy": 9.983333333333333,
        "avg_start_time_offset": 0.0
    }
}